timestamp,sensor_id,temperature,humidity,motion_detected,date,anomaly
2025-10-01 08:00:00,S4,21.58,57.29,True,2025-10-01,0
2025-10-01 08:05:00,S4,27.73,52.07,False,2025-10-01,0
2025-10-01 08:10:00,S2,27.33,62.87,True,2025-10-01,0
2025-10-01 08:15:00,S1,24.91,27.31,True,2025-10-01,0
2025-10-01 08:20:00,S3,20.93,57.06,True,2025-10-01,0
2025-10-01 08:25:00,S1,20.65,60.73,False,2025-10-01,0
2025-10-01 08:30:00,S2,21.53,66.73,False,2025-10-01,0
2025-10-01 08:35:00,S1,28.46,59.85,True,2025-10-01,0
2025-10-01 08:40:00,S3,22.03,68.62,True,2025-10-01,0
2025-10-01 08:45:00,S2,16.94,53.66,True,2025-10-01,0
2025-10-01 08:50:00,S4,22.53,49.12,False,2025-10-01,0
2025-10-01 08:55:00,S1,28.86,51.55,False,2025-10-01,0
2025-10-01 09:00:00,S2,19.3,51.15,True,2025-10-01,0
2025-10-01 09:05:00,S3,28.21,46.7,False,2025-10-01,0
2025-10-01 09:10:00,S3,30.75,53.05,True,2025-10-01,0
2025-10-01 09:15:00,S2,23.06,59.91,True,2025-10-01,0
2025-10-01 09:20:00,S4,23.07,40.91,True,2025-10-01,0
2025-10-01 09:25:00,S4,21.46,52.88,True,2025-10-01,0
2025-10-01 09:30:00,S1,29.72,65.31,False,2025-10-01,0
2025-10-01 09:35:00,S2,27.45,60.56,False,2025-10-01,0
2025-10-01 09:40:00,S2,24.51,76.55,False,2025-10-01,0
2025-10-01 09:45:00,S3,18.8,37.84,False,2025-10-01,0
2025-10-01 09:50:00,S3,27.95,46.52,True,2025-10-01,0
2025-10-01 09:55:00,S4,16.39,49.62,False,2025-10-01,0
2025-10-01 10:00:00,S1,30.06,42.14,True,2025-10-01,0
2025-10-01 10:05:00,S4,20.81,39.45,False,2025-10-01,0
2025-10-01 10:10:00,S3,29.4,55.87,True,2025-10-01,0
2025-10-01 10:15:00,S1,23.27,53.41,True,2025-10-01,0
2025-10-01 10:20:00,S4,31.94,66.18,True,2025-10-01,0
2025-10-01 10:25:00,S4,15.77,52.51,False,2025-10-01,0
2025-10-01 10:30:00,S1,35.88,53.82,False,2025-10-01,0
2025-10-01 10:35:00,S2,22.02,67.56,False,2025-10-01,0
2025-10-01 10:40:00,S3,26.53,45.49,True,2025-10-01,0
2025-10-01 10:45:00,S3,28.75,52.21,True,2025-10-01,0
2025-10-01 10:50:00,S1,34.44,71.37,True,2025-10-01,0
2025-10-01 10:55:00,S3,26.87,42.22,False,2025-10-01,0
2025-10-01 11:00:00,S2,28.23,35.61,False,2025-10-01,0
2025-10-01 11:05:00,S4,30.8,68.76,True,2025-10-01,0
2025-10-01 11:10:00,S4,19.87,58.86,True,2025-10-01,0
2025-10-01 11:15:00,S3,19.05,67.4,False,2025-10-01,0
2025-10-01 11:20:00,S3,21.65,45.38,False,2025-10-01,0
2025-10-01 11:25:00,S4,22.48,45.29,True,2025-10-01,0
2025-10-01 11:30:00,S2,18.32,65.12,True,2025-10-01,0
2025-10-01 11:35:00,S3,24.77,38.14,True,2025-10-01,0
2025-10-01 11:40:00,S3,20.71,47.95,False,2025-10-01,0
2025-10-01 11:45:00,S1,28.03,56.16,False,2025-10-01,0
2025-10-01 11:50:00,S1,29.19,39.38,False,2025-10-01,0
2025-10-01 11:55:00,S3,24.54,45.88,True,2025-10-01,0
2025-10-01 12:00:00,S4,24.16,70.19,True,2025-10-01,0
2025-10-01 12:05:00,S4,16.64,56.3,True,2025-10-01,0
2025-10-01 12:10:00,S3,21.46,62.54,False,2025-10-01,0
2025-10-01 12:15:00,S4,27.04,54.76,False,2025-10-01,0
2025-10-01 12:20:00,S1,35.27,45.01,True,2025-10-01,0
2025-10-01 12:25:00,S1,34.51,45.86,True,2025-10-01,0
2025-10-01 12:30:00,S4,17.36,42.61,False,2025-10-01,0
2025-10-01 12:35:00,S3,25.76,54.87,False,2025-10-01,0
2025-10-01 12:40:00,S2,27.56,36.09,True,2025-10-01,0
2025-10-01 12:45:00,S4,15.45,51.62,False,2025-10-01,0
2025-10-01 12:50:00,S1,24.24,58.31,False,2025-10-01,0
2025-10-01 12:55:00,S3,35.05,41.78,False,2025-10-01,0
2025-10-01 13:00:00,S4,19.72,57.46,False,2025-10-01,0
2025-10-01 13:05:00,S4,21.93,49.54,True,2025-10-01,0
2025-10-01 13:10:00,S4,23.13,37.1,False,2025-10-01,0
2025-10-01 13:15:00,S1,25.83,47.88,True,2025-10-01,0
2025-10-01 13:20:00,S1,27.97,38.07,False,2025-10-01,0
2025-10-01 13:25:00,S1,26.41,57.5,False,2025-10-01,0
2025-10-01 13:30:00,S2,36.63,41.46,True,2025-10-01,0
2025-10-01 13:35:00,S4,21.86,65.31,False,2025-10-01,0
2025-10-01 13:40:00,S4,22.85,53.67,False,2025-10-01,0
2025-10-01 13:45:00,S4,26.57,57.1,True,2025-10-01,0
2025-10-01 13:50:00,S3,27.87,62.5,False,2025-10-01,0
2025-10-01 13:55:00,S3,27.87,31.66,True,2025-10-01,0
2025-10-01 14:00:00,S4,19.03,48.02,True,2025-10-01,0
2025-10-01 14:05:00,S1,25.59,58.11,False,2025-10-01,0
2025-10-01 14:10:00,S2,21.71,64.53,True,2025-10-01,0
2025-10-01 14:15:00,S1,18.35,51.16,True,2025-10-01,0
2025-10-01 14:20:00,S3,27.26,51.01,True,2025-10-01,0
2025-10-01 14:25:00,S1,25.29,44.35,True,2025-10-01,0
2025-10-01 14:30:00,S2,34.25,43.73,True,2025-10-01,0
2025-10-01 14:35:00,S3,27.09,47.71,True,2025-10-01,0
2025-10-01 14:40:00,S1,31.13,52.41,False,2025-10-01,0
2025-10-01 14:45:00,S3,19.26,72.51,True,2025-10-01,0
2025-10-01 14:50:00,S1,23.81,41.8,True,2025-10-01,0
2025-10-01 14:55:00,S3,29.42,57.84,False,2025-10-01,0
2025-10-01 15:00:00,S1,23.77,45.34,True,2025-10-01,0
2025-10-01 15:05:00,S2,20.78,51.15,True,2025-10-01,0
2025-10-01 15:10:00,S1,28.87,50.97,False,2025-10-01,0
2025-10-01 15:15:00,S3,20.74,51.81,False,2025-10-01,0
2025-10-01 15:20:00,S3,23.77,53.25,False,2025-10-01,0
2025-10-01 15:25:00,S3,23.04,48.52,True,2025-10-01,0
2025-10-01 15:30:00,S3,29.05,44.33,True,2025-10-01,0
2025-10-01 15:35:00,S2,25.11,40.9,False,2025-10-01,0
2025-10-01 15:40:00,S1,35.86,55.54,False,2025-10-01,0
2025-10-01 15:45:00,S2,32.84,45.08,True,2025-10-01,0
2025-10-01 15:50:00,S2,22.69,51.49,False,2025-10-01,0
2025-10-01 15:55:00,S3,19.36,51.06,False,2025-10-01,0
2025-10-01 16:00:00,S2,14.74,37.41,True,2025-10-01,0
2025-10-01 16:05:00,S2,30.18,60.13,False,2025-10-01,0
2025-10-01 16:10:00,S1,27.68,50.43,False,2025-10-01,0
2025-10-01 16:15:00,S4,31.65,49.42,False,2025-10-01,0
2025-10-01 16:20:00,S2,33.77,44.42,False,2025-10-01,0
2025-10-01 16:25:00,S4,20.75,39.12,True,2025-10-01,0
2025-10-01 16:30:00,S3,21.86,40.12,True,2025-10-01,0
2025-10-01 16:35:00,S3,25.01,61.92,True,2025-10-01,0
2025-10-01 16:40:00,S4,28.35,41.46,False,2025-10-01,0
2025-10-01 16:45:00,S2,24.9,39.91,False,2025-10-01,0
2025-10-01 16:50:00,S1,30.09,63.74,False,2025-10-01,0
2025-10-01 16:55:00,S3,29.55,50.96,True,2025-10-01,0
2025-10-01 17:00:00,S3,27.27,49.42,False,2025-10-01,0
2025-10-01 17:05:00,S2,15.47,68.36,False,2025-10-01,0
2025-10-01 17:10:00,S3,29.41,51.54,False,2025-10-01,0
2025-10-01 17:15:00,S3,25.97,49.26,True,2025-10-01,0
2025-10-01 17:20:00,S2,22.35,56.02,False,2025-10-01,0
2025-10-01 17:25:00,S4,20.08,49.86,True,2025-10-01,0
2025-10-01 17:30:00,S1,23.07,52.36,False,2025-10-01,0
2025-10-01 17:35:00,S3,33.43,62.34,True,2025-10-01,0
2025-10-01 17:40:00,S2,16.37,74.92,True,2025-10-01,0
2025-10-01 17:45:00,S3,14.94,49.59,False,2025-10-01,0
2025-10-01 17:50:00,S4,14.74,27.93,True,2025-10-01,0
2025-10-01 17:55:00,S1,16.53,62.29,True,2025-10-01,0
2025-10-01 18:00:00,S3,21.56,64.12,False,2025-10-01,0
2025-10-01 18:05:00,S1,38.53,56.31,True,2025-10-01,0
2025-10-01 18:10:00,S1,28.65,42.27,False,2025-10-01,0
2025-10-01 18:15:00,S1,16.66,42.1,False,2025-10-01,0
2025-10-01 18:20:00,S4,25.81,56.88,False,2025-10-01,0
2025-10-01 18:25:00,S1,25.75,49.73,True,2025-10-01,0
2025-10-01 18:30:00,S2,22.79,49.9,True,2025-10-01,0
2025-10-01 18:35:00,S3,19.21,51.75,True,2025-10-01,0
2025-10-01 18:40:00,S3,26.04,55.94,True,2025-10-01,0
2025-10-01 18:45:00,S1,24.53,44.73,False,2025-10-01,0
2025-10-01 18:50:00,S2,29.8,47.13,True,2025-10-01,0
2025-10-01 18:55:00,S3,26.24,65.2,True,2025-10-01,0
2025-10-01 19:00:00,S3,21.41,53.96,False,2025-10-01,0
2025-10-01 19:05:00,S2,30.96,54.84,True,2025-10-01,0
2025-10-01 19:10:00,S4,25.15,50.93,True,2025-10-01,0
2025-10-01 19:15:00,S1,33.0,43.69,True,2025-10-01,0
2025-10-01 19:20:00,S2,12.06,40.89,False,2025-10-01,0
2025-10-01 19:25:00,S3,24.16,52.79,True,2025-10-01,0
2025-10-01 19:30:00,S1,24.57,50.24,True,2025-10-01,0
2025-10-01 19:35:00,S2,20.12,60.75,True,2025-10-01,0
2025-10-01 19:40:00,S2,31.39,60.37,True,2025-10-01,0
2025-10-01 19:45:00,S3,21.06,23.24,False,2025-10-01,0
2025-10-01 19:50:00,S2,25.38,60.34,False,2025-10-01,0
2025-10-01 19:55:00,S3,22.67,48.91,True,2025-10-01,0
2025-10-01 20:00:00,S3,23.87,45.52,False,2025-10-01,0
2025-10-01 20:05:00,S2,27.51,47.37,False,2025-10-01,0
2025-10-01 20:10:00,S3,28.44,56.13,False,2025-10-01,0
2025-10-01 20:15:00,S2,27.32,76.65,True,2025-10-01,0
2025-10-01 20:20:00,S1,31.28,65.91,False,2025-10-01,0
2025-10-01 20:25:00,S1,36.42,57.54,False,2025-10-01,0
2025-10-01 20:30:00,S1,26.36,36.66,False,2025-10-01,0
2025-10-01 20:35:00,S2,15.57,45.84,True,2025-10-01,0
2025-10-01 20:40:00,S3,23.32,42.47,True,2025-10-01,0
2025-10-01 20:45:00,S2,15.42,39.63,False,2025-10-01,0
2025-10-01 20:50:00,S4,34.42,28.01,True,2025-10-01,0
2025-10-01 20:55:00,S4,22.08,47.63,False,2025-10-01,0
2025-10-01 21:00:00,S4,14.84,49.6,False,2025-10-01,0
2025-10-01 21:05:00,S3,24.37,43.6,True,2025-10-01,0
2025-10-01 21:10:00,S2,27.19,62.43,False,2025-10-01,0
2025-10-01 21:15:00,S4,30.92,69.6,True,2025-10-01,0
2025-10-01 21:20:00,S3,30.63,70.33,True,2025-10-01,0
2025-10-01 21:25:00,S3,24.71,59.03,False,2025-10-01,0
2025-10-01 21:30:00,S2,26.5,57.8,True,2025-10-01,0
2025-10-01 21:35:00,S4,29.23,46.69,False,2025-10-01,0
2025-10-01 21:40:00,S1,26.53,40.53,True,2025-10-01,0
2025-10-01 21:45:00,S1,25.71,38.84,True,2025-10-01,0
2025-10-01 21:50:00,S3,22.4,57.45,False,2025-10-01,0
2025-10-01 21:55:00,S2,29.33,47.08,True,2025-10-01,0
2025-10-01 22:00:00,S3,17.6,61.03,True,2025-10-01,0
2025-10-01 22:05:00,S4,27.28,25.11,False,2025-10-01,0
2025-10-01 22:10:00,S4,33.6,49.83,False,2025-10-01,0
2025-10-01 22:15:00,S4,23.14,61.29,True,2025-10-01,0
2025-10-01 22:20:00,S2,18.17,37.07,True,2025-10-01,0
2025-10-01 22:25:00,S4,25.89,35.45,False,2025-10-01,0
2025-10-01 22:30:00,S2,29.77,50.46,True,2025-10-01,0
2025-10-01 22:35:00,S2,27.86,39.32,True,2025-10-01,0
2025-10-01 22:40:00,S4,23.04,50.69,True,2025-10-01,0
2025-10-01 22:45:00,S3,21.51,59.26,True,2025-10-01,0
2025-10-01 22:50:00,S3,33.45,52.21,True,2025-10-01,0
2025-10-01 22:55:00,S2,24.19,60.85,False,2025-10-01,0
2025-10-01 23:00:00,S1,28.97,50.7,False,2025-10-01,0
2025-10-01 23:05:00,S2,17.6,55.32,False,2025-10-01,0
2025-10-01 23:10:00,S2,23.87,51.42,True,2025-10-01,0
2025-10-01 23:15:00,S3,22.69,52.3,False,2025-10-01,0
2025-10-01 23:20:00,S4,30.86,50.12,False,2025-10-01,0
2025-10-01 23:25:00,S4,26.83,48.36,False,2025-10-01,0
2025-10-01 23:30:00,S4,28.96,54.54,False,2025-10-01,0
2025-10-01 23:35:00,S3,19.56,42.22,False,2025-10-01,0
2025-10-01 23:40:00,S3,25.11,50.87,False,2025-10-01,0
2025-10-01 23:45:00,S3,28.29,53.65,False,2025-10-01,0
2025-10-01 23:50:00,S2,23.66,56.94,False,2025-10-01,0
2025-10-01 23:55:00,S3,16.37,31.84,True,2025-10-01,0
2025-10-02 00:00:00,S3,20.65,44.51,True,2025-10-02,0
2025-10-02 00:05:00,S3,18.5,51.12,True,2025-10-02,0
2025-10-02 00:10:00,S3,36.26,38.18,False,2025-10-02,0
2025-10-02 00:15:00,S3,23.41,42.82,False,2025-10-02,0
2025-10-02 00:20:00,S3,30.35,52.86,False,2025-10-02,0
2025-10-02 00:25:00,S3,21.67,53.3,True,2025-10-02,0
2025-10-02 00:30:00,S4,24.26,39.47,True,2025-10-02,0
2025-10-02 00:35:00,S4,18.84,20.71,True,2025-10-02,0
2025-10-02 00:40:00,S2,31.2,46.07,True,2025-10-02,0
2025-10-02 00:45:00,S2,26.12,56.99,True,2025-10-02,0
2025-10-02 00:50:00,S2,34.02,54.53,True,2025-10-02,0
2025-10-02 00:55:00,S4,25.8,54.22,True,2025-10-02,0
2025-10-02 01:00:00,S4,24.67,59.98,False,2025-10-02,0
2025-10-02 01:05:00,S1,27.47,65.43,True,2025-10-02,0
2025-10-02 01:10:00,S2,17.03,22.33,True,2025-10-02,0
2025-10-02 01:15:00,S3,22.78,60.53,True,2025-10-02,0
2025-10-02 01:20:00,S3,19.56,45.16,False,2025-10-02,0
2025-10-02 01:25:00,S4,20.7,44.1,False,2025-10-02,0
2025-10-02 01:30:00,S1,28.94,29.86,True,2025-10-02,0
2025-10-02 01:35:00,S3,36.34,67.88,True,2025-10-02,0
2025-10-02 01:40:00,S2,24.55,48.63,True,2025-10-02,0
2025-10-02 01:45:00,S1,19.56,59.32,True,2025-10-02,0
2025-10-02 01:50:00,S2,18.88,48.92,False,2025-10-02,0
2025-10-02 01:55:00,S3,26.47,38.52,False,2025-10-02,0
2025-10-02 02:00:00,S1,22.85,53.58,True,2025-10-02,0
2025-10-02 02:05:00,S3,22.28,35.6,False,2025-10-02,0
2025-10-02 02:10:00,S4,31.09,56.38,False,2025-10-02,0
2025-10-02 02:15:00,S2,17.56,56.12,True,2025-10-02,0
2025-10-02 02:20:00,S3,22.0,43.32,False,2025-10-02,0
2025-10-02 02:25:00,S4,33.52,51.75,False,2025-10-02,0
2025-10-02 02:30:00,S1,36.94,40.36,True,2025-10-02,0
2025-10-02 02:35:00,S4,25.09,44.37,True,2025-10-02,0
2025-10-02 02:40:00,S1,26.81,58.21,False,2025-10-02,0
2025-10-02 02:45:00,S3,20.65,65.07,True,2025-10-02,0
2025-10-02 02:50:00,S3,24.85,36.34,True,2025-10-02,0
2025-10-02 02:55:00,S2,23.19,38.39,False,2025-10-02,0
2025-10-02 03:00:00,S3,27.09,57.16,True,2025-10-02,0
2025-10-02 03:05:00,S3,19.65,55.87,True,2025-10-02,0
2025-10-02 03:10:00,S3,25.7,48.16,False,2025-10-02,0
2025-10-02 03:15:00,S2,29.21,69.45,True,2025-10-02,0
2025-10-02 03:20:00,S3,30.77,54.75,False,2025-10-02,0
2025-10-02 03:25:00,S2,20.47,49.35,False,2025-10-02,0
2025-10-02 03:30:00,S4,34.54,64.94,True,2025-10-02,0
2025-10-02 03:35:00,S1,18.79,53.09,False,2025-10-02,0
2025-10-02 03:40:00,S4,32.6,50.92,True,2025-10-02,0
2025-10-02 03:45:00,S3,28.65,40.78,False,2025-10-02,0
2025-10-02 03:50:00,S1,29.87,53.07,True,2025-10-02,0
2025-10-02 03:55:00,S2,22.43,59.57,True,2025-10-02,0
2025-10-02 04:00:00,S2,32.43,56.22,False,2025-10-02,0
2025-10-02 04:05:00,S1,27.84,49.99,True,2025-10-02,0
2025-10-02 04:10:00,S1,19.44,66.03,True,2025-10-02,0
2025-10-02 04:15:00,S3,28.31,44.39,True,2025-10-02,0
2025-10-02 04:20:00,S3,27.0,45.18,True,2025-10-02,0
2025-10-02 04:25:00,S4,12.73,70.72,True,2025-10-02,0
2025-10-02 04:30:00,S1,22.77,52.91,True,2025-10-02,0
2025-10-02 04:35:00,S2,23.06,31.93,True,2025-10-02,0
2025-10-02 04:40:00,S4,26.22,58.92,False,2025-10-02,0
2025-10-02 04:45:00,S1,25.88,49.42,True,2025-10-02,0
2025-10-02 04:50:00,S3,19.74,53.88,False,2025-10-02,0
2025-10-02 04:55:00,S2,34.21,65.38,True,2025-10-02,0
2025-10-02 05:00:00,S4,24.37,39.29,True,2025-10-02,0
2025-10-02 05:05:00,S1,31.27,34.67,False,2025-10-02,0
2025-10-02 05:10:00,S4,31.7,39.13,True,2025-10-02,0
2025-10-02 05:15:00,S3,33.62,48.03,True,2025-10-02,0
2025-10-02 05:20:00,S4,28.93,42.66,True,2025-10-02,0
2025-10-02 05:25:00,S4,24.71,50.12,False,2025-10-02,0
2025-10-02 05:30:00,S2,20.05,41.9,True,2025-10-02,0
2025-10-02 05:35:00,S2,21.02,42.4,True,2025-10-02,0
2025-10-02 05:40:00,S1,25.35,57.63,True,2025-10-02,0
2025-10-02 05:45:00,S4,26.77,53.16,False,2025-10-02,0
2025-10-02 05:50:00,S2,30.8,51.64,False,2025-10-02,0
2025-10-02 05:55:00,S4,26.25,51.93,False,2025-10-02,0
2025-10-02 06:00:00,S1,28.19,37.43,False,2025-10-02,0
2025-10-02 06:05:00,S1,22.39,63.25,True,2025-10-02,0
2025-10-02 06:10:00,S4,24.02,49.7,True,2025-10-02,0
2025-10-02 06:15:00,S3,29.81,64.57,True,2025-10-02,0
2025-10-02 06:20:00,S2,29.31,55.31,True,2025-10-02,0
2025-10-02 06:25:00,S4,23.42,38.53,False,2025-10-02,0
2025-10-02 06:30:00,S3,19.72,46.83,True,2025-10-02,0
2025-10-02 06:35:00,S1,24.86,56.88,True,2025-10-02,0
2025-10-02 06:40:00,S4,14.91,45.3,False,2025-10-02,0
2025-10-02 06:45:00,S2,21.86,44.61,True,2025-10-02,0
2025-10-02 06:50:00,S3,26.39,51.94,True,2025-10-02,0
2025-10-02 06:55:00,S3,28.25,73.28,False,2025-10-02,0
2025-10-02 07:00:00,S3,20.02,54.64,False,2025-10-02,0
2025-10-02 07:05:00,S2,32.59,44.19,True,2025-10-02,0
2025-10-02 07:10:00,S1,29.2,33.27,False,2025-10-02,0
2025-10-02 07:15:00,S4,28.44,49.39,True,2025-10-02,0
2025-10-02 07:20:00,S4,20.29,65.59,False,2025-10-02,0
2025-10-02 07:25:00,S2,29.99,53.79,False,2025-10-02,0
2025-10-02 07:30:00,S2,32.59,47.62,False,2025-10-02,0
2025-10-02 07:35:00,S2,22.86,33.92,False,2025-10-02,0
2025-10-02 07:40:00,S4,25.55,54.8,True,2025-10-02,0
2025-10-02 07:45:00,S2,26.3,39.0,False,2025-10-02,0
2025-10-02 07:50:00,S3,22.53,61.21,True,2025-10-02,0
2025-10-02 07:55:00,S1,28.88,45.87,True,2025-10-02,0
2025-10-02 08:00:00,S1,21.06,60.46,True,2025-10-02,0
2025-10-02 08:05:00,S1,29.65,47.61,False,2025-10-02,0
2025-10-02 08:10:00,S3,29.87,49.85,False,2025-10-02,0
2025-10-02 08:15:00,S4,31.18,56.49,False,2025-10-02,0
2025-10-02 08:20:00,S2,17.93,40.43,False,2025-10-02,0
2025-10-02 08:25:00,S1,22.17,49.98,False,2025-10-02,0
2025-10-02 08:30:00,S3,28.76,54.87,True,2025-10-02,0
2025-10-02 08:35:00,S2,18.06,43.37,False,2025-10-02,0
2025-10-02 08:40:00,S1,22.87,54.71,False,2025-10-02,0
2025-10-02 08:45:00,S2,31.44,40.68,True,2025-10-02,0
2025-10-02 08:50:00,S2,31.84,58.79,True,2025-10-02,0
2025-10-02 08:55:00,S3,24.09,50.22,True,2025-10-02,0
2025-10-02 09:00:00,S4,27.98,34.09,False,2025-10-02,0
2025-10-02 09:05:00,S4,26.77,55.57,False,2025-10-02,0
2025-10-02 09:10:00,S4,32.07,58.6,False,2025-10-02,0
2025-10-02 09:15:00,S2,31.09,49.05,False,2025-10-02,0
2025-10-02 09:20:00,S2,16.08,59.82,True,2025-10-02,0
2025-10-02 09:25:00,S4,24.1,53.12,True,2025-10-02,0
2025-10-02 09:30:00,S1,27.53,49.63,False,2025-10-02,0
2025-10-02 09:35:00,S1,18.44,47.15,False,2025-10-02,0
2025-10-02 09:40:00,S2,27.66,36.83,True,2025-10-02,0
2025-10-02 09:45:00,S4,25.52,29.27,False,2025-10-02,0
2025-10-02 09:50:00,S1,24.33,49.92,False,2025-10-02,0
2025-10-02 09:55:00,S4,29.22,55.27,False,2025-10-02,0
2025-10-02 10:00:00,S4,23.81,66.45,False,2025-10-02,0
2025-10-02 10:05:00,S3,19.9,49.87,True,2025-10-02,0
2025-10-02 10:10:00,S1,19.32,45.2,True,2025-10-02,0
2025-10-02 10:15:00,S3,26.78,42.44,True,2025-10-02,0
2025-10-02 10:20:00,S1,24.09,47.31,False,2025-10-02,0
2025-10-02 10:25:00,S3,26.68,37.78,False,2025-10-02,0
2025-10-02 10:30:00,S3,31.18,50.57,False,2025-10-02,0
2025-10-02 10:35:00,S2,19.84,62.84,False,2025-10-02,0
2025-10-02 10:40:00,S3,22.55,41.49,True,2025-10-02,0
2025-10-02 10:45:00,S3,18.34,44.2,True,2025-10-02,0
2025-10-02 10:50:00,S2,23.89,45.69,False,2025-10-02,0
2025-10-02 10:55:00,S2,28.49,29.98,True,2025-10-02,0
2025-10-02 11:00:00,S2,30.9,33.8,True,2025-10-02,0
2025-10-02 11:05:00,S2,20.08,62.76,False,2025-10-02,0
2025-10-02 11:10:00,S4,25.77,71.77,False,2025-10-02,0
2025-10-02 11:15:00,S3,22.2,57.91,True,2025-10-02,0
2025-10-02 11:20:00,S3,24.38,50.5,False,2025-10-02,0
2025-10-02 11:25:00,S3,25.84,55.37,True,2025-10-02,0
2025-10-02 11:30:00,S4,24.87,38.46,False,2025-10-02,0
2025-10-02 11:35:00,S2,25.44,47.22,False,2025-10-02,0
2025-10-02 11:40:00,S3,31.72,52.49,False,2025-10-02,0
2025-10-02 11:45:00,S2,18.56,58.14,True,2025-10-02,0
2025-10-02 11:50:00,S4,35.96,59.89,True,2025-10-02,0
2025-10-02 11:55:00,S1,17.56,25.66,True,2025-10-02,0
2025-10-02 12:00:00,S1,25.87,57.06,False,2025-10-02,0
2025-10-02 12:05:00,S2,24.68,40.87,False,2025-10-02,0
2025-10-02 12:10:00,S2,28.75,58.77,True,2025-10-02,0
2025-10-02 12:15:00,S1,30.34,46.66,True,2025-10-02,0
2025-10-02 12:20:00,S1,16.94,54.19,True,2025-10-02,0
2025-10-02 12:25:00,S2,32.08,50.17,False,2025-10-02,0
2025-10-02 12:30:00,S3,21.08,44.5,False,2025-10-02,0
2025-10-02 12:35:00,S2,33.4,31.87,False,2025-10-02,0
2025-10-02 12:40:00,S1,26.61,45.83,True,2025-10-02,0
2025-10-02 12:45:00,S3,19.36,41.6,False,2025-10-02,0
2025-10-02 12:50:00,S1,15.11,66.91,False,2025-10-02,0
2025-10-02 12:55:00,S4,20.13,56.77,True,2025-10-02,0
2025-10-02 13:00:00,S4,27.75,33.22,False,2025-10-02,0
2025-10-02 13:05:00,S3,31.16,48.77,True,2025-10-02,0
2025-10-02 13:10:00,S3,18.08,64.77,False,2025-10-02,0
2025-10-02 13:15:00,S1,28.72,51.7,True,2025-10-02,0
2025-10-02 13:20:00,S2,21.52,50.15,False,2025-10-02,0
2025-10-02 13:25:00,S2,20.32,65.68,True,2025-10-02,0
2025-10-02 13:30:00,S4,27.22,40.66,False,2025-10-02,0
2025-10-02 13:35:00,S3,20.9,38.54,True,2025-10-02,0
2025-10-02 13:40:00,S4,20.31,60.08,True,2025-10-02,0
2025-10-02 13:45:00,S3,16.38,59.4,True,2025-10-02,0
2025-10-02 13:50:00,S4,32.18,49.25,False,2025-10-02,0
2025-10-02 13:55:00,S4,25.51,58.39,False,2025-10-02,0
2025-10-02 14:00:00,S4,24.33,60.11,False,2025-10-02,0
2025-10-02 14:05:00,S4,23.02,48.04,True,2025-10-02,0
2025-10-02 14:10:00,S4,27.55,71.25,True,2025-10-02,0
2025-10-02 14:15:00,S1,22.9,50.09,False,2025-10-02,0
2025-10-02 14:20:00,S2,28.09,43.48,False,2025-10-02,0
2025-10-02 14:25:00,S3,33.16,48.29,False,2025-10-02,0
2025-10-02 14:30:00,S4,24.2,48.81,True,2025-10-02,0
2025-10-02 14:35:00,S2,27.09,47.16,True,2025-10-02,0
2025-10-02 14:40:00,S4,19.57,36.76,False,2025-10-02,0
2025-10-02 14:45:00,S2,17.85,43.53,True,2025-10-02,0
2025-10-02 14:50:00,S2,16.46,47.81,True,2025-10-02,0
2025-10-02 14:55:00,S2,26.51,57.65,False,2025-10-02,0
2025-10-02 15:00:00,S3,24.99,36.05,True,2025-10-02,0
2025-10-02 15:05:00,S4,23.87,58.48,True,2025-10-02,0
2025-10-02 15:10:00,S3,24.84,57.6,False,2025-10-02,0
2025-10-02 15:15:00,S4,21.12,50.94,True,2025-10-02,0
2025-10-02 15:20:00,S3,36.31,55.71,True,2025-10-02,0
2025-10-02 15:25:00,S1,25.64,47.61,True,2025-10-02,0
2025-10-02 15:30:00,S4,23.33,25.15,False,2025-10-02,0
2025-10-02 15:35:00,S4,24.64,47.23,False,2025-10-02,0
2025-10-02 15:40:00,S3,17.93,48.28,False,2025-10-02,0
2025-10-02 15:45:00,S4,26.21,37.44,False,2025-10-02,0
2025-10-02 15:50:00,S3,16.13,65.18,False,2025-10-02,0
2025-10-02 15:55:00,S2,19.66,64.67,True,2025-10-02,0
2025-10-02 16:00:00,S1,17.59,55.56,False,2025-10-02,0
2025-10-02 16:05:00,S3,21.78,45.64,False,2025-10-02,0
2025-10-02 16:10:00,S1,17.68,38.69,True,2025-10-02,0
2025-10-02 16:15:00,S4,33.11,54.68,False,2025-10-02,0
2025-10-02 16:20:00,S4,27.75,63.47,False,2025-10-02,0
2025-10-02 16:25:00,S3,17.15,53.24,True,2025-10-02,0
2025-10-02 16:30:00,S2,28.68,58.07,True,2025-10-02,0
2025-10-02 16:35:00,S2,21.52,35.62,False,2025-10-02,0
2025-10-02 16:40:00,S1,30.06,41.24,True,2025-10-02,0
2025-10-02 16:45:00,S4,25.96,53.58,False,2025-10-02,0
2025-10-02 16:50:00,S3,24.94,47.18,False,2025-10-02,0
2025-10-02 16:55:00,S4,27.08,44.09,False,2025-10-02,0
2025-10-02 17:00:00,S2,22.95,54.92,True,2025-10-02,0
2025-10-02 17:05:00,S1,26.79,62.04,False,2025-10-02,0
2025-10-02 17:10:00,S2,23.62,43.52,False,2025-10-02,0
2025-10-02 17:15:00,S4,27.55,66.69,True,2025-10-02,0
2025-10-02 17:20:00,S2,25.4,41.21,False,2025-10-02,0
2025-10-02 17:25:00,S3,20.26,26.28,False,2025-10-02,0
2025-10-02 17:30:00,S4,27.12,36.38,False,2025-10-02,0
2025-10-02 17:35:00,S1,24.05,54.02,True,2025-10-02,0
2025-10-02 17:40:00,S3,19.51,41.79,True,2025-10-02,0
2025-10-02 17:45:00,S1,25.37,49.57,False,2025-10-02,0
2025-10-02 17:50:00,S1,25.45,45.6,True,2025-10-02,0
2025-10-02 17:55:00,S1,20.0,59.2,True,2025-10-02,0
2025-10-02 18:00:00,S3,22.45,41.6,True,2025-10-02,0
2025-10-02 18:05:00,S2,12.74,53.53,True,2025-10-02,0
2025-10-02 18:10:00,S1,29.69,44.13,True,2025-10-02,0
2025-10-02 18:15:00,S2,25.02,55.33,False,2025-10-02,0
2025-10-02 18:20:00,S2,29.74,38.73,False,2025-10-02,0
2025-10-02 18:25:00,S4,17.74,49.13,True,2025-10-02,0
2025-10-02 18:30:00,S4,16.49,42.5,True,2025-10-02,0
2025-10-02 18:35:00,S4,21.07,48.15,False,2025-10-02,0
2025-10-02 18:40:00,S1,23.91,51.96,True,2025-10-02,0
2025-10-02 18:45:00,S4,18.61,64.8,True,2025-10-02,0
2025-10-02 18:50:00,S2,25.2,41.44,True,2025-10-02,0
2025-10-02 18:55:00,S2,22.91,46.0,False,2025-10-02,0
2025-10-02 19:00:00,S3,22.58,50.38,False,2025-10-02,0
2025-10-02 19:05:00,S4,15.78,47.74,False,2025-10-02,0
2025-10-02 19:10:00,S3,28.16,65.01,True,2025-10-02,0
2025-10-02 19:15:00,S3,25.01,41.74,True,2025-10-02,0
2025-10-02 19:20:00,S4,28.27,36.69,False,2025-10-02,0
2025-10-02 19:25:00,S3,23.26,44.08,True,2025-10-02,0
2025-10-02 19:30:00,S4,24.65,42.03,False,2025-10-02,0
2025-10-02 19:35:00,S3,32.02,49.3,False,2025-10-02,0
2025-10-02 19:40:00,S4,20.52,67.57,True,2025-10-02,0
2025-10-02 19:45:00,S4,24.16,62.4,False,2025-10-02,0
2025-10-02 19:50:00,S2,20.44,40.99,True,2025-10-02,0
2025-10-02 19:55:00,S2,19.92,34.2,True,2025-10-02,0
2025-10-02 20:00:00,S2,17.83,63.69,False,2025-10-02,0
2025-10-02 20:05:00,S1,26.69,65.03,True,2025-10-02,0
2025-10-02 20:10:00,S3,26.88,40.17,True,2025-10-02,0
2025-10-02 20:15:00,S2,23.62,42.04,True,2025-10-02,0
2025-10-02 20:20:00,S1,30.27,49.01,True,2025-10-02,0
2025-10-02 20:25:00,S4,24.59,65.92,True,2025-10-02,0
2025-10-02 20:30:00,S4,24.34,51.17,True,2025-10-02,0
2025-10-02 20:35:00,S2,27.03,57.79,True,2025-10-02,0
2025-10-02 20:40:00,S2,21.65,46.47,False,2025-10-02,0
2025-10-02 20:45:00,S3,23.66,42.0,False,2025-10-02,0
2025-10-02 20:50:00,S1,31.16,51.84,False,2025-10-02,0
2025-10-02 20:55:00,S2,23.89,54.9,True,2025-10-02,0
2025-10-02 21:00:00,S2,23.06,69.32,True,2025-10-02,0
2025-10-02 21:05:00,S2,28.08,54.34,False,2025-10-02,0
2025-10-02 21:10:00,S2,23.18,52.85,False,2025-10-02,0
2025-10-02 21:15:00,S3,23.72,44.86,True,2025-10-02,0
2025-10-02 21:20:00,S4,25.23,31.1,True,2025-10-02,0
2025-10-02 21:25:00,S1,33.54,70.8,True,2025-10-02,0
2025-10-02 21:30:00,S3,28.96,58.16,True,2025-10-02,0
2025-10-02 21:35:00,S1,18.78,48.78,False,2025-10-02,0
2025-10-02 21:40:00,S3,39.54,27.93,False,2025-10-02,0
2025-10-02 21:45:00,S1,25.13,36.28,True,2025-10-02,0
2025-10-02 21:50:00,S1,23.45,45.31,False,2025-10-02,0
2025-10-02 21:55:00,S3,19.45,55.94,False,2025-10-02,0
2025-10-02 22:00:00,S1,19.67,53.18,False,2025-10-02,0
2025-10-02 22:05:00,S1,24.94,44.29,True,2025-10-02,0
2025-10-02 22:10:00,S3,35.06,43.58,False,2025-10-02,0
2025-10-02 22:15:00,S1,20.18,56.12,True,2025-10-02,0
2025-10-02 22:20:00,S3,21.82,61.21,True,2025-10-02,0
2025-10-02 22:25:00,S2,27.34,53.08,True,2025-10-02,0
2025-10-02 22:30:00,S3,14.29,65.37,False,2025-10-02,0
2025-10-02 22:35:00,S4,29.11,39.16,True,2025-10-02,0
2025-10-02 22:40:00,S4,24.35,43.71,False,2025-10-02,0
2025-10-02 22:45:00,S4,27.94,47.98,True,2025-10-02,0
2025-10-02 22:50:00,S1,21.58,63.44,True,2025-10-02,0
2025-10-02 22:55:00,S4,24.33,60.84,True,2025-10-02,0
2025-10-02 23:00:00,S1,29.54,41.53,True,2025-10-02,0
2025-10-02 23:05:00,S1,27.25,51.71,True,2025-10-02,0
2025-10-02 23:10:00,S3,28.79,37.96,True,2025-10-02,0
2025-10-02 23:15:00,S3,21.99,47.92,True,2025-10-02,0
2025-10-02 23:20:00,S2,20.0,56.24,True,2025-10-02,0
2025-10-02 23:25:00,S3,17.34,54.29,True,2025-10-02,0
2025-10-02 23:30:00,S2,27.9,48.94,True,2025-10-02,0
2025-10-02 23:35:00,S1,24.81,35.71,False,2025-10-02,0
2025-10-02 23:40:00,S4,23.12,50.51,False,2025-10-02,0
2025-10-02 23:45:00,S2,25.08,40.3,True,2025-10-02,0
2025-10-02 23:50:00,S3,26.8,51.42,False,2025-10-02,0
2025-10-02 23:55:00,S1,18.38,34.24,False,2025-10-02,0
2025-10-03 00:00:00,S4,27.36,54.14,False,2025-10-03,0
2025-10-03 00:05:00,S3,28.86,58.8,False,2025-10-03,0
2025-10-03 00:10:00,S2,30.61,66.7,True,2025-10-03,0
2025-10-03 00:15:00,S1,30.44,58.66,True,2025-10-03,0
2025-10-03 00:20:00,S4,26.79,44.07,False,2025-10-03,0
2025-10-03 00:25:00,S3,20.06,46.03,False,2025-10-03,0
2025-10-03 00:30:00,S2,27.59,55.14,False,2025-10-03,0
2025-10-03 00:35:00,S1,30.76,55.14,True,2025-10-03,0
2025-10-03 00:40:00,S4,33.05,56.28,True,2025-10-03,0
2025-10-03 00:45:00,S2,36.97,29.76,True,2025-10-03,0
2025-10-03 00:50:00,S3,28.78,56.96,True,2025-10-03,0
2025-10-03 00:55:00,S4,33.78,51.27,True,2025-10-03,0
2025-10-03 01:00:00,S2,32.36,50.26,True,2025-10-03,0
2025-10-03 01:05:00,S2,23.33,49.85,False,2025-10-03,0
2025-10-03 01:10:00,S2,19.81,35.95,True,2025-10-03,0
2025-10-03 01:15:00,S4,24.73,51.58,False,2025-10-03,0
2025-10-03 01:20:00,S3,23.42,49.92,True,2025-10-03,0
2025-10-03 01:25:00,S2,28.63,43.19,False,2025-10-03,0
2025-10-03 01:30:00,S2,25.73,45.94,True,2025-10-03,0
2025-10-03 01:35:00,S4,27.18,46.03,True,2025-10-03,0
2025-10-03 01:40:00,S2,20.55,55.76,True,2025-10-03,0
2025-10-03 01:45:00,S2,29.75,56.24,False,2025-10-03,0
2025-10-03 01:50:00,S3,15.03,57.91,True,2025-10-03,0
2025-10-03 01:55:00,S3,28.02,58.81,False,2025-10-03,0
2025-10-03 02:00:00,S2,25.28,37.01,True,2025-10-03,0
2025-10-03 02:05:00,S1,25.25,38.93,False,2025-10-03,0
2025-10-03 02:10:00,S2,22.87,59.68,True,2025-10-03,0
2025-10-03 02:15:00,S3,20.35,44.22,False,2025-10-03,0
2025-10-03 02:20:00,S2,25.85,70.31,False,2025-10-03,0
2025-10-03 02:25:00,S1,21.21,45.85,False,2025-10-03,0
2025-10-03 02:30:00,S2,21.06,59.55,True,2025-10-03,0
2025-10-03 02:35:00,S2,33.02,54.81,True,2025-10-03,0
2025-10-03 02:40:00,S3,22.0,53.03,False,2025-10-03,0
2025-10-03 02:45:00,S2,25.25,51.5,True,2025-10-03,0
2025-10-03 02:50:00,S2,13.58,52.99,False,2025-10-03,0
2025-10-03 02:55:00,S4,23.21,57.95,False,2025-10-03,0
2025-10-03 03:00:00,S4,28.96,46.06,True,2025-10-03,0
2025-10-03 03:05:00,S4,24.27,59.29,True,2025-10-03,0
2025-10-03 03:10:00,S4,22.36,28.15,False,2025-10-03,0
2025-10-03 03:15:00,S4,29.01,35.9,False,2025-10-03,0
2025-10-03 03:20:00,S3,22.73,55.99,False,2025-10-03,0
2025-10-03 03:25:00,S3,28.94,37.35,True,2025-10-03,0
2025-10-03 03:30:00,S2,25.82,34.92,True,2025-10-03,0
2025-10-03 03:35:00,S3,27.22,44.38,False,2025-10-03,0
2025-10-03 03:40:00,S1,31.23,48.14,False,2025-10-03,0
2025-10-03 03:45:00,S1,34.41,60.14,True,2025-10-03,0
2025-10-03 03:50:00,S4,30.57,63.76,True,2025-10-03,0
2025-10-03 03:55:00,S3,23.48,72.62,False,2025-10-03,0
2025-10-03 04:00:00,S1,22.02,57.82,True,2025-10-03,0
2025-10-03 04:05:00,S1,13.37,69.92,True,2025-10-03,0
2025-10-03 04:10:00,S4,31.06,40.6,False,2025-10-03,0
2025-10-03 04:15:00,S4,19.36,60.82,True,2025-10-03,0
2025-10-03 04:20:00,S4,27.91,66.23,True,2025-10-03,0
2025-10-03 04:25:00,S3,28.93,52.06,True,2025-10-03,0
2025-10-03 04:30:00,S2,21.4,78.22,False,2025-10-03,0
2025-10-03 04:35:00,S3,26.32,48.43,False,2025-10-03,0
2025-10-03 04:40:00,S3,29.87,50.36,False,2025-10-03,0
2025-10-03 04:45:00,S1,27.24,46.03,True,2025-10-03,0
2025-10-03 04:50:00,S2,28.82,60.07,False,2025-10-03,0
2025-10-03 04:55:00,S1,24.34,31.42,False,2025-10-03,0
2025-10-03 05:00:00,S1,17.66,65.13,True,2025-10-03,0
2025-10-03 05:05:00,S1,28.42,61.45,False,2025-10-03,0
2025-10-03 05:10:00,S4,29.92,40.39,True,2025-10-03,0
2025-10-03 05:15:00,S2,21.7,40.63,True,2025-10-03,0
2025-10-03 05:20:00,S1,23.68,34.2,False,2025-10-03,0
2025-10-03 05:25:00,S2,30.15,31.5,True,2025-10-03,0
2025-10-03 05:30:00,S1,12.31,64.52,True,2025-10-03,0
2025-10-03 05:35:00,S3,18.92,60.9,True,2025-10-03,0
2025-10-03 05:40:00,S2,23.28,52.78,True,2025-10-03,0
2025-10-03 05:45:00,S4,14.81,59.03,False,2025-10-03,0
2025-10-03 05:50:00,S1,27.25,53.11,True,2025-10-03,0
2025-10-03 05:55:00,S2,30.48,63.19,False,2025-10-03,0
2025-10-03 06:00:00,S1,14.36,59.08,False,2025-10-03,0
2025-10-03 06:05:00,S2,22.71,45.66,False,2025-10-03,0
2025-10-03 06:10:00,S4,20.62,60.99,True,2025-10-03,0
2025-10-03 06:15:00,S4,23.45,43.63,False,2025-10-03,0
2025-10-03 06:20:00,S3,24.06,60.61,True,2025-10-03,0
2025-10-03 06:25:00,S3,26.84,47.21,False,2025-10-03,0
2025-10-03 06:30:00,S2,28.77,48.47,False,2025-10-03,0
2025-10-03 06:35:00,S1,23.31,51.13,True,2025-10-03,0
2025-10-03 06:40:00,S3,20.06,53.81,False,2025-10-03,0
2025-10-03 06:45:00,S2,24.96,41.39,False,2025-10-03,0
2025-10-03 06:50:00,S2,19.73,62.77,False,2025-10-03,0
2025-10-03 06:55:00,S3,25.81,48.38,False,2025-10-03,0
2025-10-03 07:00:00,S2,26.84,48.9,True,2025-10-03,0
2025-10-03 07:05:00,S1,24.48,60.94,True,2025-10-03,0
2025-10-03 07:10:00,S2,24.95,53.06,False,2025-10-03,0
2025-10-03 07:15:00,S1,25.79,48.63,False,2025-10-03,0
2025-10-03 07:20:00,S4,18.32,57.45,False,2025-10-03,0
2025-10-03 07:25:00,S2,19.92,60.36,True,2025-10-03,0
2025-10-03 07:30:00,S3,25.36,57.57,False,2025-10-03,0
2025-10-03 07:35:00,S1,24.78,46.77,False,2025-10-03,0
2025-10-03 07:40:00,S1,30.15,34.87,False,2025-10-03,0
2025-10-03 07:45:00,S1,28.07,32.44,False,2025-10-03,0
2025-10-03 07:50:00,S1,28.99,34.23,True,2025-10-03,0
2025-10-03 07:55:00,S1,19.55,58.33,True,2025-10-03,0
2025-10-03 08:00:00,S1,29.14,50.82,False,2025-10-03,0
2025-10-03 08:05:00,S3,23.26,35.03,True,2025-10-03,0
2025-10-03 08:10:00,S3,11.98,50.39,True,2025-10-03,0
2025-10-03 08:15:00,S4,25.28,65.3,False,2025-10-03,0
2025-10-03 08:20:00,S4,28.2,65.7,True,2025-10-03,0
2025-10-03 08:25:00,S4,28.51,44.17,True,2025-10-03,0
2025-10-03 08:30:00,S2,23.52,46.27,True,2025-10-03,0
2025-10-03 08:35:00,S1,33.39,43.04,False,2025-10-03,0
2025-10-03 08:40:00,S2,19.75,33.19,True,2025-10-03,0
2025-10-03 08:45:00,S1,23.34,52.47,True,2025-10-03,0
2025-10-03 08:50:00,S1,32.98,37.4,True,2025-10-03,0
2025-10-03 08:55:00,S3,25.49,39.68,False,2025-10-03,0
2025-10-03 09:00:00,S4,28.59,39.72,True,2025-10-03,0
2025-10-03 09:05:00,S1,28.35,50.35,False,2025-10-03,0
2025-10-03 09:10:00,S4,32.45,58.77,True,2025-10-03,0
2025-10-03 09:15:00,S2,23.87,34.86,False,2025-10-03,0
2025-10-03 09:20:00,S3,24.88,50.44,True,2025-10-03,0
2025-10-03 09:25:00,S3,26.8,76.23,True,2025-10-03,0
2025-10-03 09:30:00,S4,28.65,48.99,True,2025-10-03,0
2025-10-03 09:35:00,S1,19.87,54.33,False,2025-10-03,0
2025-10-03 09:40:00,S1,28.07,44.65,False,2025-10-03,0
2025-10-03 09:45:00,S2,29.28,61.54,True,2025-10-03,0
2025-10-03 09:50:00,S3,29.76,49.78,False,2025-10-03,0
2025-10-03 09:55:00,S4,23.57,31.86,False,2025-10-03,0
2025-10-03 10:00:00,S3,28.17,40.17,True,2025-10-03,0
2025-10-03 10:05:00,S4,21.69,45.67,False,2025-10-03,0
2025-10-03 10:10:00,S3,22.39,43.8,True,2025-10-03,0
2025-10-03 10:15:00,S1,34.48,48.76,False,2025-10-03,0
2025-10-03 10:20:00,S1,26.38,60.87,False,2025-10-03,0
2025-10-03 10:25:00,S2,26.03,39.91,True,2025-10-03,0
2025-10-03 10:30:00,S1,27.75,43.78,False,2025-10-03,0
2025-10-03 10:35:00,S3,15.58,62.72,True,2025-10-03,0
2025-10-03 10:40:00,S3,18.52,50.57,False,2025-10-03,0
2025-10-03 10:45:00,S2,18.79,47.15,False,2025-10-03,0
2025-10-03 10:50:00,S4,31.49,57.2,False,2025-10-03,0
2025-10-03 10:55:00,S4,22.0,47.94,True,2025-10-03,0
2025-10-03 11:00:00,S4,37.74,52.84,True,2025-10-03,0
2025-10-03 11:05:00,S2,22.55,48.19,True,2025-10-03,0
2025-10-03 11:10:00,S4,23.22,62.61,True,2025-10-03,0
2025-10-03 11:15:00,S1,25.02,35.72,False,2025-10-03,0
2025-10-03 11:20:00,S2,31.59,52.01,True,2025-10-03,0
2025-10-03 11:25:00,S1,26.21,45.23,True,2025-10-03,0
2025-10-03 11:30:00,S2,31.03,49.56,True,2025-10-03,0
2025-10-03 11:35:00,S4,30.71,57.41,True,2025-10-03,0
2025-10-03 11:40:00,S1,23.67,49.95,False,2025-10-03,0
2025-10-03 11:45:00,S3,28.76,50.18,True,2025-10-03,0
2025-10-03 11:50:00,S4,18.26,38.68,True,2025-10-03,0
2025-10-03 11:55:00,S2,25.89,34.82,False,2025-10-03,0
2025-10-03 12:00:00,S4,24.84,41.31,False,2025-10-03,0
2025-10-03 12:05:00,S2,23.33,54.14,True,2025-10-03,0
2025-10-03 12:10:00,S4,27.05,32.5,False,2025-10-03,0
2025-10-03 12:15:00,S3,26.75,52.33,True,2025-10-03,0
2025-10-03 12:20:00,S4,19.13,57.04,False,2025-10-03,0
2025-10-03 12:25:00,S1,24.59,36.08,False,2025-10-03,0
2025-10-03 12:30:00,S1,28.65,50.33,True,2025-10-03,0
2025-10-03 12:35:00,S4,24.76,32.28,True,2025-10-03,0
2025-10-03 12:40:00,S3,22.41,50.16,True,2025-10-03,0
2025-10-03 12:45:00,S3,17.98,51.08,False,2025-10-03,0
2025-10-03 12:50:00,S4,19.12,53.88,False,2025-10-03,0
2025-10-03 12:55:00,S1,29.69,58.41,True,2025-10-03,0
2025-10-03 13:00:00,S1,29.43,40.31,False,2025-10-03,0
2025-10-03 13:05:00,S2,22.65,32.43,True,2025-10-03,0
2025-10-03 13:10:00,S3,20.29,48.18,True,2025-10-03,0
2025-10-03 13:15:00,S2,21.61,35.89,True,2025-10-03,0
2025-10-03 13:20:00,S1,20.1,44.2,False,2025-10-03,0
2025-10-03 13:25:00,S3,20.78,56.22,True,2025-10-03,0
2025-10-03 13:30:00,S1,25.76,72.25,True,2025-10-03,0
2025-10-03 13:35:00,S2,19.75,60.25,False,2025-10-03,0
2025-10-03 13:40:00,S1,34.2,45.29,False,2025-10-03,0
2025-10-03 13:45:00,S1,29.91,57.04,False,2025-10-03,0
2025-10-03 13:50:00,S3,36.29,56.88,False,2025-10-03,0
2025-10-03 13:55:00,S1,20.44,55.04,False,2025-10-03,0
2025-10-03 14:00:00,S2,22.34,59.02,True,2025-10-03,0
2025-10-03 14:05:00,S2,27.32,45.28,False,2025-10-03,0
2025-10-03 14:10:00,S3,24.78,52.11,True,2025-10-03,0
2025-10-03 14:15:00,S4,24.41,61.5,True,2025-10-03,0
2025-10-03 14:20:00,S1,18.83,49.36,True,2025-10-03,0
2025-10-03 14:25:00,S4,20.47,58.52,True,2025-10-03,0
2025-10-03 14:30:00,S2,24.5,46.59,False,2025-10-03,0
2025-10-03 14:35:00,S3,23.27,52.19,True,2025-10-03,0
2025-10-03 14:40:00,S2,17.98,41.75,False,2025-10-03,0
2025-10-03 14:45:00,S4,23.18,37.27,False,2025-10-03,0
2025-10-03 14:50:00,S2,23.31,45.66,True,2025-10-03,0
2025-10-03 14:55:00,S1,20.8,34.59,True,2025-10-03,0
2025-10-03 15:00:00,S1,32.37,62.73,True,2025-10-03,0
2025-10-03 15:05:00,S3,20.44,46.21,False,2025-10-03,0
2025-10-03 15:10:00,S3,23.4,56.08,False,2025-10-03,0
2025-10-03 15:15:00,S2,25.5,46.85,True,2025-10-03,0
2025-10-03 15:20:00,S3,19.59,49.26,True,2025-10-03,0
2025-10-03 15:25:00,S1,25.29,53.32,False,2025-10-03,0
2025-10-03 15:30:00,S2,30.35,54.02,False,2025-10-03,0
2025-10-03 15:35:00,S4,23.66,60.04,True,2025-10-03,0
2025-10-03 15:40:00,S1,30.6,47.49,False,2025-10-03,0
2025-10-03 15:45:00,S2,14.83,56.45,False,2025-10-03,0
2025-10-03 15:50:00,S3,19.42,35.74,False,2025-10-03,0
2025-10-03 15:55:00,S1,22.17,48.0,False,2025-10-03,0
2025-10-03 16:00:00,S2,27.65,33.76,False,2025-10-03,0
2025-10-03 16:05:00,S4,26.92,47.09,False,2025-10-03,0
2025-10-03 16:10:00,S4,25.91,50.64,False,2025-10-03,0
2025-10-03 16:15:00,S2,31.35,57.93,True,2025-10-03,0
2025-10-03 16:20:00,S2,20.12,69.4,False,2025-10-03,0
2025-10-03 16:25:00,S3,26.59,46.08,True,2025-10-03,0
2025-10-03 16:30:00,S4,27.37,48.56,False,2025-10-03,0
2025-10-03 16:35:00,S2,18.02,52.48,True,2025-10-03,0
2025-10-03 16:40:00,S1,19.8,42.77,True,2025-10-03,0
2025-10-03 16:45:00,S1,16.76,30.45,True,2025-10-03,0
2025-10-03 16:50:00,S4,32.34,58.78,False,2025-10-03,0
2025-10-03 16:55:00,S2,26.13,58.34,True,2025-10-03,0
2025-10-03 17:00:00,S3,26.1,28.71,False,2025-10-03,0
2025-10-03 17:05:00,S3,17.09,55.25,False,2025-10-03,0
2025-10-03 17:10:00,S1,27.49,50.53,False,2025-10-03,0
2025-10-03 17:15:00,S2,23.8,42.42,True,2025-10-03,0
2025-10-03 17:20:00,S1,26.45,59.2,False,2025-10-03,0
2025-10-03 17:25:00,S4,25.53,52.44,False,2025-10-03,0
2025-10-03 17:30:00,S3,27.86,50.48,True,2025-10-03,0
2025-10-03 17:35:00,S4,37.07,38.37,True,2025-10-03,0
2025-10-03 17:40:00,S4,29.97,41.82,False,2025-10-03,0
2025-10-03 17:45:00,S1,17.4,17.52,False,2025-10-03,0
2025-10-03 17:50:00,S4,21.22,52.6,False,2025-10-03,0
2025-10-03 17:55:00,S1,18.14,53.56,False,2025-10-03,0
2025-10-03 18:00:00,S2,28.69,50.72,True,2025-10-03,0
2025-10-03 18:05:00,S1,21.1,45.34,True,2025-10-03,0
2025-10-03 18:10:00,S4,33.0,60.06,False,2025-10-03,0
2025-10-03 18:15:00,S3,32.53,66.98,True,2025-10-03,0
2025-10-03 18:20:00,S3,22.47,56.06,False,2025-10-03,0
2025-10-03 18:25:00,S4,30.18,53.76,False,2025-10-03,0
2025-10-03 18:30:00,S4,19.73,62.78,True,2025-10-03,0
2025-10-03 18:35:00,S4,21.33,40.03,False,2025-10-03,0
2025-10-03 18:40:00,S3,26.41,51.89,True,2025-10-03,0
2025-10-03 18:45:00,S1,29.23,63.72,False,2025-10-03,0
2025-10-03 18:50:00,S1,23.65,50.63,False,2025-10-03,0
2025-10-03 18:55:00,S1,31.09,63.83,False,2025-10-03,0
2025-10-03 19:00:00,S1,25.53,56.62,True,2025-10-03,0
2025-10-03 19:05:00,S1,23.39,34.31,False,2025-10-03,0
2025-10-03 19:10:00,S2,24.45,52.2,True,2025-10-03,0
2025-10-03 19:15:00,S4,23.45,48.7,True,2025-10-03,0
2025-10-03 19:20:00,S4,28.18,49.67,True,2025-10-03,0
2025-10-03 19:25:00,S1,33.66,51.86,True,2025-10-03,0
2025-10-03 19:30:00,S1,31.38,56.61,False,2025-10-03,0
2025-10-03 19:35:00,S4,20.12,68.51,False,2025-10-03,0
2025-10-03 19:40:00,S2,28.07,33.51,True,2025-10-03,0
2025-10-03 19:45:00,S1,16.69,48.24,False,2025-10-03,0
2025-10-03 19:50:00,S4,24.21,59.75,False,2025-10-03,0
2025-10-03 19:55:00,S2,24.74,57.99,False,2025-10-03,0
2025-10-03 20:00:00,S4,14.73,30.37,True,2025-10-03,0
2025-10-03 20:05:00,S1,30.42,43.01,True,2025-10-03,0
2025-10-03 20:10:00,S3,18.81,51.45,False,2025-10-03,0
2025-10-03 20:15:00,S3,19.56,37.21,False,2025-10-03,0
2025-10-03 20:20:00,S2,21.76,51.02,False,2025-10-03,0
2025-10-03 20:25:00,S2,19.62,48.25,False,2025-10-03,0
2025-10-03 20:30:00,S3,17.14,46.02,True,2025-10-03,0
2025-10-03 20:35:00,S2,26.87,54.37,False,2025-10-03,0
2025-10-03 20:40:00,S2,23.12,29.64,False,2025-10-03,0
2025-10-03 20:45:00,S3,24.15,35.25,False,2025-10-03,0
2025-10-03 20:50:00,S3,32.99,45.03,False,2025-10-03,0
2025-10-03 20:55:00,S4,34.52,44.58,False,2025-10-03,0
2025-10-03 21:00:00,S1,24.62,57.53,False,2025-10-03,0
2025-10-03 21:05:00,S1,17.59,52.37,True,2025-10-03,0
2025-10-03 21:10:00,S3,22.47,48.76,False,2025-10-03,0
2025-10-03 21:15:00,S3,23.2,55.43,True,2025-10-03,0
2025-10-03 21:20:00,S1,30.32,48.49,True,2025-10-03,0
2025-10-03 21:25:00,S2,14.24,56.86,True,2025-10-03,0
2025-10-03 21:30:00,S1,24.18,45.97,True,2025-10-03,0
2025-10-03 21:35:00,S4,28.97,49.34,True,2025-10-03,0
2025-10-03 21:40:00,S4,26.77,60.23,False,2025-10-03,0
2025-10-03 21:45:00,S1,24.77,52.96,False,2025-10-03,0
2025-10-03 21:50:00,S2,22.79,69.66,False,2025-10-03,0
2025-10-03 21:55:00,S3,22.92,41.97,False,2025-10-03,0
2025-10-03 22:00:00,S4,27.87,41.43,True,2025-10-03,0
2025-10-03 22:05:00,S3,31.87,45.28,False,2025-10-03,0
2025-10-03 22:10:00,S3,22.25,58.15,False,2025-10-03,0
2025-10-03 22:15:00,S4,24.12,58.69,True,2025-10-03,0
2025-10-03 22:20:00,S4,27.15,39.53,False,2025-10-03,0
2025-10-03 22:25:00,S2,13.36,45.66,False,2025-10-03,0
2025-10-03 22:30:00,S2,22.92,19.32,False,2025-10-03,0
2025-10-03 22:35:00,S4,23.08,70.66,True,2025-10-03,0
2025-10-03 22:40:00,S2,31.62,55.52,False,2025-10-03,0
2025-10-03 22:45:00,S3,23.58,62.65,True,2025-10-03,0
2025-10-03 22:50:00,S1,26.67,61.25,False,2025-10-03,0
2025-10-03 22:55:00,S3,29.84,49.56,True,2025-10-03,0
2025-10-03 23:00:00,S2,17.67,41.36,False,2025-10-03,0
2025-10-03 23:05:00,S2,14.58,45.6,False,2025-10-03,0
2025-10-03 23:10:00,S4,22.29,46.85,True,2025-10-03,0
2025-10-03 23:15:00,S4,23.87,47.92,False,2025-10-03,0
2025-10-03 23:20:00,S3,30.83,46.45,True,2025-10-03,0
2025-10-03 23:25:00,S3,34.95,49.49,False,2025-10-03,0
2025-10-03 23:30:00,S3,20.48,28.27,True,2025-10-03,0
2025-10-03 23:35:00,S4,18.53,47.45,False,2025-10-03,0
2025-10-03 23:40:00,S4,30.7,65.91,True,2025-10-03,0
2025-10-03 23:45:00,S1,22.9,53.72,True,2025-10-03,0
2025-10-03 23:50:00,S3,25.7,60.28,True,2025-10-03,0
2025-10-03 23:55:00,S4,20.79,61.5,False,2025-10-03,0
2025-10-04 00:00:00,S1,28.13,29.91,False,2025-10-04,0
2025-10-04 00:05:00,S1,29.09,53.03,False,2025-10-04,0
2025-10-04 00:10:00,S2,26.02,60.97,False,2025-10-04,0
2025-10-04 00:15:00,S4,24.79,54.99,True,2025-10-04,0
2025-10-04 00:20:00,S1,23.06,49.75,False,2025-10-04,0
2025-10-04 00:25:00,S3,29.31,61.39,False,2025-10-04,0
2025-10-04 00:30:00,S2,24.65,50.81,False,2025-10-04,0
2025-10-04 00:35:00,S4,30.02,32.91,True,2025-10-04,0
2025-10-04 00:40:00,S3,23.43,56.84,False,2025-10-04,0
2025-10-04 00:45:00,S4,30.4,36.42,True,2025-10-04,0
2025-10-04 00:50:00,S3,27.48,62.53,True,2025-10-04,0
2025-10-04 00:55:00,S1,26.35,33.1,True,2025-10-04,0
2025-10-04 01:00:00,S2,24.44,46.94,True,2025-10-04,0
2025-10-04 01:05:00,S2,18.67,44.54,True,2025-10-04,0
2025-10-04 01:10:00,S1,28.37,71.85,True,2025-10-04,0
2025-10-04 01:15:00,S1,18.22,49.97,False,2025-10-04,0
2025-10-04 01:20:00,S2,23.91,64.8,True,2025-10-04,0
2025-10-04 01:25:00,S4,29.6,55.71,False,2025-10-04,0
2025-10-04 01:30:00,S3,24.94,55.9,True,2025-10-04,0
2025-10-04 01:35:00,S3,12.28,43.11,False,2025-10-04,0
2025-10-04 01:40:00,S3,24.34,49.09,False,2025-10-04,0
2025-10-04 01:45:00,S2,26.16,71.52,False,2025-10-04,0
2025-10-04 01:50:00,S2,25.03,46.44,False,2025-10-04,0
2025-10-04 01:55:00,S4,15.96,76.6,False,2025-10-04,0
2025-10-04 02:00:00,S4,33.7,27.52,False,2025-10-04,0
2025-10-04 02:05:00,S2,19.63,49.09,False,2025-10-04,0
2025-10-04 02:10:00,S4,21.76,51.07,True,2025-10-04,0
2025-10-04 02:15:00,S2,24.97,46.05,False,2025-10-04,0
2025-10-04 02:20:00,S1,19.12,65.6,True,2025-10-04,0
2025-10-04 02:25:00,S1,26.72,33.81,True,2025-10-04,0
2025-10-04 02:30:00,S1,17.88,53.42,False,2025-10-04,0
2025-10-04 02:35:00,S2,29.22,50.82,False,2025-10-04,0
2025-10-04 02:40:00,S4,18.13,78.41,True,2025-10-04,0
2025-10-04 02:45:00,S4,23.66,55.94,True,2025-10-04,0
2025-10-04 02:50:00,S3,20.76,59.77,False,2025-10-04,0
2025-10-04 02:55:00,S1,31.57,47.93,False,2025-10-04,0
2025-10-04 03:00:00,S1,30.3,51.43,False,2025-10-04,0
2025-10-04 03:05:00,S3,24.83,55.95,True,2025-10-04,0
2025-10-04 03:10:00,S1,34.53,63.06,True,2025-10-04,0
2025-10-04 03:15:00,S4,24.76,57.29,True,2025-10-04,0
2025-10-04 03:20:00,S3,20.59,55.77,True,2025-10-04,0
2025-10-04 03:25:00,S4,25.91,47.13,False,2025-10-04,0
2025-10-04 03:30:00,S4,29.57,45.96,False,2025-10-04,0
2025-10-04 03:35:00,S3,25.02,49.79,False,2025-10-04,0
2025-10-04 03:40:00,S4,20.37,42.24,True,2025-10-04,0
2025-10-04 03:45:00,S2,32.21,46.85,True,2025-10-04,0
2025-10-04 03:50:00,S4,29.71,52.34,False,2025-10-04,0
2025-10-04 03:55:00,S4,15.24,48.2,True,2025-10-04,0
2025-10-04 04:00:00,S1,23.76,47.04,True,2025-10-04,0
2025-10-04 04:05:00,S4,15.57,63.65,False,2025-10-04,0
2025-10-04 04:10:00,S1,19.99,50.41,True,2025-10-04,0
2025-10-04 04:15:00,S4,28.87,34.73,False,2025-10-04,0
2025-10-04 04:20:00,S1,26.95,49.12,True,2025-10-04,0
2025-10-04 04:25:00,S3,35.03,37.54,False,2025-10-04,0
2025-10-04 04:30:00,S1,21.28,53.06,False,2025-10-04,0
2025-10-04 04:35:00,S1,18.0,47.54,False,2025-10-04,0
2025-10-04 04:40:00,S1,32.11,53.24,False,2025-10-04,0
2025-10-04 04:45:00,S4,24.11,46.52,False,2025-10-04,0
2025-10-04 04:50:00,S2,27.85,59.36,True,2025-10-04,0
2025-10-04 04:55:00,S4,24.21,62.6,True,2025-10-04,0
2025-10-04 05:00:00,S1,37.21,37.51,False,2025-10-04,0
2025-10-04 05:05:00,S2,22.44,52.87,True,2025-10-04,0
2025-10-04 05:10:00,S4,24.27,66.07,True,2025-10-04,0
2025-10-04 05:15:00,S2,31.34,47.56,False,2025-10-04,0
2025-10-04 05:20:00,S2,21.16,44.27,True,2025-10-04,0
2025-10-04 05:25:00,S2,25.87,51.41,True,2025-10-04,0
2025-10-04 05:30:00,S2,35.62,49.06,True,2025-10-04,0
2025-10-04 05:35:00,S1,19.88,43.07,True,2025-10-04,0
2025-10-04 05:40:00,S2,27.27,68.82,False,2025-10-04,0
2025-10-04 05:45:00,S2,31.88,53.62,False,2025-10-04,0
2025-10-04 05:50:00,S4,24.55,43.5,True,2025-10-04,0
2025-10-04 05:55:00,S2,23.93,51.0,False,2025-10-04,0
2025-10-04 06:00:00,S3,22.92,48.41,False,2025-10-04,0
2025-10-04 06:05:00,S2,27.11,55.08,True,2025-10-04,0
2025-10-04 06:10:00,S4,25.39,57.9,False,2025-10-04,0
2025-10-04 06:15:00,S1,26.73,47.13,True,2025-10-04,0
2025-10-04 06:20:00,S4,24.34,50.08,False,2025-10-04,0
2025-10-04 06:25:00,S4,21.84,64.99,True,2025-10-04,0
2025-10-04 06:30:00,S1,21.52,64.1,True,2025-10-04,0
2025-10-04 06:35:00,S4,23.52,66.22,True,2025-10-04,0
2025-10-04 06:40:00,S2,17.94,63.36,True,2025-10-04,0
2025-10-04 06:45:00,S2,34.79,49.15,True,2025-10-04,0
2025-10-04 06:50:00,S3,16.17,52.07,True,2025-10-04,0
2025-10-04 06:55:00,S3,7.66,51.86,False,2025-10-04,1
2025-10-04 07:00:00,S1,30.23,54.4,True,2025-10-04,0
2025-10-04 07:05:00,S3,24.57,61.74,False,2025-10-04,0
2025-10-04 07:10:00,S2,25.22,50.07,False,2025-10-04,0
2025-10-04 07:15:00,S1,18.49,75.61,True,2025-10-04,0
2025-10-04 07:20:00,S1,22.61,39.21,True,2025-10-04,0
2025-10-04 07:25:00,S4,22.89,58.14,False,2025-10-04,0
2025-10-04 07:30:00,S1,31.65,47.22,False,2025-10-04,0
2025-10-04 07:35:00,S3,26.95,38.21,False,2025-10-04,0
2025-10-04 07:40:00,S1,19.22,59.64,True,2025-10-04,0
2025-10-04 07:45:00,S4,20.09,60.25,False,2025-10-04,0
2025-10-04 07:50:00,S4,23.55,59.38,True,2025-10-04,0
2025-10-04 07:55:00,S3,25.41,63.42,True,2025-10-04,0
2025-10-04 08:00:00,S1,29.18,79.69,False,2025-10-04,0
2025-10-04 08:05:00,S1,24.87,36.82,False,2025-10-04,0
2025-10-04 08:10:00,S3,27.75,52.06,False,2025-10-04,0
2025-10-04 08:15:00,S3,24.6,68.64,True,2025-10-04,0
2025-10-04 08:20:00,S2,27.34,52.76,False,2025-10-04,0
2025-10-04 08:25:00,S2,20.58,36.43,False,2025-10-04,0
2025-10-04 08:30:00,S3,29.75,52.6,True,2025-10-04,0
2025-10-04 08:35:00,S2,20.07,53.53,False,2025-10-04,0
2025-10-04 08:40:00,S3,21.0,52.01,True,2025-10-04,0
2025-10-04 08:45:00,S1,25.5,56.23,True,2025-10-04,0
2025-10-04 08:50:00,S1,31.03,50.57,False,2025-10-04,0
2025-10-04 08:55:00,S3,23.89,42.24,True,2025-10-04,0
2025-10-04 09:00:00,S4,23.07,49.29,False,2025-10-04,0
2025-10-04 09:05:00,S4,26.22,55.58,False,2025-10-04,0
2025-10-04 09:10:00,S3,30.17,54.53,False,2025-10-04,0
2025-10-04 09:15:00,S4,25.31,56.65,True,2025-10-04,0
2025-10-04 09:20:00,S2,21.02,61.93,False,2025-10-04,0
2025-10-04 09:25:00,S4,34.13,39.98,True,2025-10-04,0
2025-10-04 09:30:00,S4,23.84,49.31,True,2025-10-04,0
2025-10-04 09:35:00,S4,19.32,50.05,False,2025-10-04,0
2025-10-04 09:40:00,S4,20.85,46.04,False,2025-10-04,0
2025-10-04 09:45:00,S2,29.23,62.95,True,2025-10-04,0
2025-10-04 09:50:00,S1,28.59,50.85,False,2025-10-04,0
2025-10-04 09:55:00,S1,22.81,54.62,False,2025-10-04,0
2025-10-04 10:00:00,S3,17.61,32.68,False,2025-10-04,0
2025-10-04 10:05:00,S4,28.53,48.25,True,2025-10-04,0
2025-10-04 10:10:00,S3,24.03,51.35,True,2025-10-04,0
2025-10-04 10:15:00,S2,27.13,49.97,False,2025-10-04,0
2025-10-04 10:20:00,S2,19.34,54.71,True,2025-10-04,0
2025-10-04 10:25:00,S4,27.39,29.29,True,2025-10-04,0
2025-10-04 10:30:00,S1,20.55,56.83,True,2025-10-04,0
2025-10-04 10:35:00,S1,21.48,49.32,True,2025-10-04,0
2025-10-04 10:40:00,S4,35.48,55.03,True,2025-10-04,0
2025-10-04 10:45:00,S2,25.75,62.89,False,2025-10-04,0
2025-10-04 10:50:00,S3,22.74,52.2,True,2025-10-04,0
2025-10-04 10:55:00,S2,16.48,44.09,False,2025-10-04,0
2025-10-04 11:00:00,S4,20.65,43.1,True,2025-10-04,0
2025-10-04 11:05:00,S3,20.87,44.61,False,2025-10-04,0
2025-10-04 11:10:00,S4,18.17,59.48,True,2025-10-04,0
2025-10-04 11:15:00,S4,31.08,61.48,True,2025-10-04,0
2025-10-04 11:20:00,S3,31.53,41.56,False,2025-10-04,0
2025-10-04 11:25:00,S2,25.2,53.65,True,2025-10-04,0
2025-10-04 11:30:00,S2,22.19,39.42,False,2025-10-04,0
2025-10-04 11:35:00,S1,17.17,43.39,False,2025-10-04,0
2025-10-04 11:40:00,S2,24.85,45.25,False,2025-10-04,0
2025-10-04 11:45:00,S3,20.0,65.97,False,2025-10-04,0
2025-10-04 11:50:00,S3,22.01,33.88,False,2025-10-04,0
2025-10-04 11:55:00,S3,23.72,62.11,True,2025-10-04,0
2025-10-04 12:00:00,S2,28.17,51.01,True,2025-10-04,0
2025-10-04 12:05:00,S4,22.9,46.02,False,2025-10-04,0
2025-10-04 12:10:00,S1,25.18,34.01,True,2025-10-04,0
2025-10-04 12:15:00,S1,36.78,53.79,True,2025-10-04,0
2025-10-04 12:20:00,S2,23.03,57.44,True,2025-10-04,0
2025-10-04 12:25:00,S3,25.08,45.95,False,2025-10-04,0
2025-10-04 12:30:00,S3,22.76,58.15,True,2025-10-04,0
2025-10-04 12:35:00,S3,18.41,46.39,False,2025-10-04,0
2025-10-04 12:40:00,S4,30.79,73.73,False,2025-10-04,0
2025-10-04 12:45:00,S2,28.11,43.32,False,2025-10-04,0
2025-10-04 12:50:00,S4,20.05,51.08,True,2025-10-04,0
2025-10-04 12:55:00,S2,21.14,54.68,True,2025-10-04,0
2025-10-04 13:00:00,S2,27.58,45.46,False,2025-10-04,0
2025-10-04 13:05:00,S3,29.61,43.66,False,2025-10-04,0
2025-10-04 13:10:00,S1,35.03,26.39,True,2025-10-04,0
2025-10-04 13:15:00,S3,29.84,44.48,False,2025-10-04,0
2025-10-04 13:20:00,S4,24.21,48.86,False,2025-10-04,0
2025-10-04 13:25:00,S3,27.22,36.58,False,2025-10-04,0
2025-10-04 13:30:00,S2,24.42,69.11,True,2025-10-04,0
2025-10-04 13:35:00,S2,30.76,57.15,False,2025-10-04,0
2025-10-04 13:40:00,S4,27.66,60.51,True,2025-10-04,0
2025-10-04 13:45:00,S1,25.08,48.4,True,2025-10-04,0
2025-10-04 13:50:00,S4,23.64,49.55,True,2025-10-04,0
2025-10-04 13:55:00,S4,25.42,45.69,False,2025-10-04,0
2025-10-04 14:00:00,S1,22.67,56.95,False,2025-10-04,0
2025-10-04 14:05:00,S2,12.51,71.68,False,2025-10-04,0
2025-10-04 14:10:00,S4,25.09,62.16,False,2025-10-04,0
2025-10-04 14:15:00,S3,25.65,49.1,False,2025-10-04,0
2025-10-04 14:20:00,S1,26.29,38.19,False,2025-10-04,0
2025-10-04 14:25:00,S1,32.42,38.17,True,2025-10-04,0
2025-10-04 14:30:00,S2,17.17,56.81,True,2025-10-04,0
2025-10-04 14:35:00,S4,31.2,46.46,True,2025-10-04,0
2025-10-04 14:40:00,S3,22.34,42.59,False,2025-10-04,0
2025-10-04 14:45:00,S4,20.65,33.44,False,2025-10-04,0
2025-10-04 14:50:00,S4,29.48,51.44,True,2025-10-04,0
2025-10-04 14:55:00,S1,28.52,63.61,True,2025-10-04,0
2025-10-04 15:00:00,S3,25.71,59.6,True,2025-10-04,0
2025-10-04 15:05:00,S4,24.42,37.91,True,2025-10-04,0
2025-10-04 15:10:00,S1,29.95,59.65,True,2025-10-04,0
2025-10-04 15:15:00,S1,25.25,65.23,True,2025-10-04,0
2025-10-04 15:20:00,S3,18.6,46.07,True,2025-10-04,0
2025-10-04 15:25:00,S2,29.82,46.48,True,2025-10-04,0
2025-10-04 15:30:00,S3,15.09,56.29,True,2025-10-04,0
2025-10-04 15:35:00,S2,28.0,61.52,True,2025-10-04,0
2025-10-04 15:40:00,S2,30.8,48.29,True,2025-10-04,0
2025-10-04 15:45:00,S3,19.02,49.59,False,2025-10-04,0
2025-10-04 15:50:00,S1,24.62,51.66,False,2025-10-04,0
2025-10-04 15:55:00,S2,17.7,53.72,False,2025-10-04,0
2025-10-04 16:00:00,S3,30.16,59.4,True,2025-10-04,0
2025-10-04 16:05:00,S3,22.45,42.69,True,2025-10-04,0
2025-10-04 16:10:00,S2,23.84,60.54,True,2025-10-04,0
2025-10-04 16:15:00,S3,31.28,57.19,False,2025-10-04,0
2025-10-04 16:20:00,S2,24.07,45.62,False,2025-10-04,0
2025-10-04 16:25:00,S1,20.36,41.79,True,2025-10-04,0
2025-10-04 16:30:00,S1,29.71,52.84,False,2025-10-04,0
2025-10-04 16:35:00,S1,32.17,48.44,True,2025-10-04,0
2025-10-04 16:40:00,S3,16.49,58.52,True,2025-10-04,0
2025-10-04 16:45:00,S3,23.22,47.33,False,2025-10-04,0
2025-10-04 16:50:00,S2,20.29,39.64,True,2025-10-04,0
2025-10-04 16:55:00,S3,20.87,41.59,False,2025-10-04,0
2025-10-04 17:00:00,S1,22.76,67.77,False,2025-10-04,0
2025-10-04 17:05:00,S3,25.33,44.89,True,2025-10-04,0
2025-10-04 17:10:00,S1,33.76,69.16,True,2025-10-04,0
2025-10-04 17:15:00,S1,17.79,36.89,True,2025-10-04,0
2025-10-04 17:20:00,S4,23.37,33.41,True,2025-10-04,0
2025-10-04 17:25:00,S1,18.99,54.6,True,2025-10-04,0
2025-10-04 17:30:00,S3,24.65,52.26,True,2025-10-04,0
2025-10-04 17:35:00,S3,31.21,57.05,False,2025-10-04,0
2025-10-04 17:40:00,S4,22.49,54.61,True,2025-10-04,0
2025-10-04 17:45:00,S1,23.78,47.55,True,2025-10-04,0
2025-10-04 17:50:00,S3,24.08,57.75,True,2025-10-04,0
2025-10-04 17:55:00,S4,21.73,61.91,False,2025-10-04,0
2025-10-04 18:00:00,S1,23.11,52.65,False,2025-10-04,0
2025-10-04 18:05:00,S3,23.4,43.23,False,2025-10-04,0
2025-10-04 18:10:00,S3,27.0,62.48,True,2025-10-04,0
2025-10-04 18:15:00,S1,24.59,64.14,False,2025-10-04,0
2025-10-04 18:20:00,S3,35.81,44.2,True,2025-10-04,0
2025-10-04 18:25:00,S2,16.24,41.53,False,2025-10-04,0
2025-10-04 18:30:00,S1,20.45,37.81,False,2025-10-04,0
2025-10-04 18:35:00,S1,26.56,58.89,False,2025-10-04,0
2025-10-04 18:40:00,S4,28.1,29.19,True,2025-10-04,0
2025-10-04 18:45:00,S4,25.74,46.24,False,2025-10-04,0
2025-10-04 18:50:00,S3,26.07,47.61,False,2025-10-04,0
2025-10-04 18:55:00,S3,30.98,31.26,True,2025-10-04,0
2025-10-04 19:00:00,S2,19.76,60.23,True,2025-10-04,0
2025-10-04 19:05:00,S2,22.49,40.44,True,2025-10-04,0
2025-10-04 19:10:00,S4,21.25,47.58,True,2025-10-04,0
2025-10-04 19:15:00,S2,21.25,60.33,True,2025-10-04,0
